C(curve)[T.Y],C(surf_typ)[T.B],C(surf_typ)[T.P],log_aadt,lanewid,avg_grad
0,0,0,9.179881164,13.46875,0.007154
0,0,0,9.190137665,13.46875,0.007154
0,0,0,9.200290036,13.46875,0.007154
0,0,0,9.210340372,13.46875,0.007154
0,0,0,9.220290703,13.46875,0.007154
0,0,0,9.230142999,13.46875,0.007154
0,0,0,9.239899174,13.46875,0.007154
0,0,0,9.249561085,13.46875,0.007154
0,0,0,9.259130536,13.46875,0.007154
0,0,0,9.26860928,13.46875,0.007154
0,0,0,9.27799902,13.46875,0.007154
0,0,0,9.287301413,13.46875,0.007154
0,0,0,9.296518068,13.46875,0.007154
0,0,0,9.305650552,13.46875,0.007154
0,0,0,9.314700387,13.46875,0.007154
0,0,0,9.323669057,13.46875,0.007154
0,0,0,9.332558005,13.46875,0.007154
0,0,0,9.341368634,13.46875,0.007154
0,0,0,9.350102314,13.46875,0.007154
0,0,0,9.358760377,13.46875,0.007154
0,0,0,9.367344121,13.46875,0.007154
0,0,0,9.37585481,13.46875,0.007154
0,0,0,9.384293679,13.46875,0.007154
0,0,0,9.392661929,13.46875,0.007154
0,0,0,9.400960732,13.46875,0.007154
0,0,0,9.409191231,13.46875,0.007154
0,0,0,9.417354541,13.46875,0.007154
0,0,0,9.425451752,13.46875,0.007154
0,0,0,9.433483923,13.46875,0.007154
0,0,0,9.441452093,13.46875,0.007154
0,0,0,9.449357272,13.46875,0.007154
0,0,0,9.45720045,13.46875,0.007154
0,0,0,9.46498259,13.46875,0.007154
0,0,0,9.472704636,13.46875,0.007154
0,0,0,9.480367509,13.46875,0.007154
0,0,0,9.487972109,13.46875,0.007154
0,0,0,9.495519314,13.46875,0.007154
0,0,0,9.503009986,13.46875,0.007154
0,0,0,9.510444964,13.46875,0.007154
0,0,0,9.517825072,13.46875,0.007154
0,0,0,9.525151112,13.46875,0.007154
0,0,0,9.532423871,13.46875,0.007154
0,0,0,9.539644119,13.46875,0.007154
0,0,0,9.546812609,13.46875,0.007154
0,0,0,9.553930076,13.46875,0.007154
0,0,0,9.560997244,13.46875,0.007154
0,0,0,9.568014816,13.46875,0.007154
0,0,0,9.574983486,13.46875,0.007154
0,0,0,9.581903928,13.46875,0.007154
0,0,0,9.588776808,13.46875,0.007154
0,0,0,9.595602773,13.46875,0.007154
0,0,0,9.60238246,13.46875,0.007154
0,0,0,9.609116492,13.46875,0.007154
0,0,0,9.61580548,13.46875,0.007154
0,0,0,9.622450023,13.46875,0.007154
0,0,0,9.629050707,13.46875,0.007154
0,0,0,9.635608107,13.46875,0.007154
0,0,0,9.642122788,13.46875,0.007154
0,0,0,9.648595303,13.46875,0.007154
0,0,0,9.655026193,13.46875,0.007154
0,0,0,9.661415991,13.46875,0.007154
0,0,0,9.667765219,13.46875,0.007154
0,0,0,9.674074388,13.46875,0.007154
0,0,0,9.680344001,13.46875,0.007154
0,0,0,9.686574551,13.46875,0.007154
0,0,0,9.692766521,13.46875,0.007154
0,0,0,9.698920387,13.46875,0.007154
0,0,0,9.705036614,13.46875,0.007154
0,0,0,9.71111566,13.46875,0.007154
0,0,0,9.717157974,13.46875,0.007154
0,0,0,9.723163998,13.46875,0.007154
0,0,0,9.729134165,13.46875,0.007154
0,0,0,9.735068901,13.46875,0.007154
0,0,0,9.740968623,13.46875,0.007154
0,0,0,9.746833742,13.46875,0.007154
0,0,0,9.752664663,13.46875,0.007154
0,0,0,9.75846178,13.46875,0.007154
0,0,0,9.764225485,13.46875,0.007154
0,0,0,9.76995616,13.46875,0.007154
0,0,0,9.775654181,13.46875,0.007154
0,0,0,9.781319919,13.46875,0.007154
0,0,0,9.786953736,13.46875,0.007154
0,0,0,9.792555992,13.46875,0.007154
0,0,0,9.798127037,13.46875,0.007154
0,0,0,9.803667217,13.46875,0.007154
0,0,0,9.809176873,13.46875,0.007154
0,0,0,9.814656339,13.46875,0.007154
0,0,0,9.820105944,13.46875,0.007154
0,0,0,9.825526011,13.46875,0.007154
0,0,0,9.83091686,13.46875,0.007154
0,0,0,9.836278803,13.46875,0.007154
0,0,0,9.841612149,13.46875,0.007154
0,0,0,9.846917201,13.46875,0.007154
0,0,0,9.852194258,13.46875,0.007154
0,0,0,9.857443614,13.46875,0.007154
0,0,0,9.862665558,13.46875,0.007154
0,0,0,9.867860375,13.46875,0.007154
0,0,0,9.873028345,13.46875,0.007154
0,0,0,9.878169745,13.46875,0.007154
0,0,0,9.883284845,13.46875,0.007154
0,0,0,9.888373915,13.46875,0.007154
0,0,0,9.893437217,13.46875,0.007154
0,0,0,9.898475011,13.46875,0.007154
0,0,0,9.903487553,13.46875,0.007154
0,0,0,9.908475094,13.46875,0.007154
0,0,0,9.913437883,13.46875,0.007154
0,0,0,9.918376165,13.46875,0.007154
0,0,0,9.92329018,13.46875,0.007154
0,0,0,9.928180165,13.46875,0.007154
0,0,0,9.933046355,13.46875,0.007154
0,0,0,9.937888979,13.46875,0.007154
0,0,0,9.942708266,13.46875,0.007154
0,0,0,9.947504438,13.46875,0.007154
0,0,0,9.952277717,13.46875,0.007154
0,0,0,9.957028319,13.46875,0.007154
0,0,0,9.961756461,13.46875,0.007154
0,0,0,9.966462352,13.46875,0.007154
0,0,0,9.971146201,13.46875,0.007154
0,0,0,9.975808214,13.46875,0.007154
0,0,0,9.980448594,13.46875,0.007154
0,0,0,9.98506754,13.46875,0.007154
0,0,0,9.989665249,13.46875,0.007154
0,0,0,9.994241916,13.46875,0.007154
0,0,0,9.998797732,13.46875,0.007154
0,0,0,10.00333289,13.46875,0.007154
0,0,0,10.00784757,13.46875,0.007154
0,0,0,10.01234196,13.46875,0.007154
0,0,0,10.01681624,13.46875,0.007154
0,0,0,10.02127059,13.46875,0.007154
0,0,0,10.02570519,13.46875,0.007154
0,0,0,10.0301202,13.46875,0.007154
0,0,0,10.03451581,13.46875,0.007154
0,0,0,10.03889219,13.46875,0.007154
0,0,0,10.04324949,13.46875,0.007154
0,0,0,10.0475879,13.46875,0.007154
0,0,0,10.05190756,13.46875,0.007154
0,0,0,10.05620864,13.46875,0.007154
0,0,0,10.0604913,13.46875,0.007154
0,0,0,10.0647557,13.46875,0.007154
0,0,0,10.06900199,13.46875,0.007154
0,0,0,10.07323033,13.46875,0.007154
0,0,0,10.07744086,13.46875,0.007154
0,0,0,10.08163374,13.46875,0.007154
0,0,0,10.08580911,13.46875,0.007154
0,0,0,10.08996712,13.46875,0.007154
0,0,0,10.09410791,13.46875,0.007154
0,0,0,10.09823163,13.46875,0.007154
0,0,0,10.10233841,13.46875,0.007154
0,0,0,10.1064284,13.46875,0.007154
0,0,0,10.11050172,13.46875,0.007154
0,0,0,10.11455852,13.46875,0.007154
0,0,0,10.11859893,13.46875,0.007154
0,0,0,10.12262308,13.46875,0.007154
0,0,0,10.1266311,13.46875,0.007154
0,0,0,10.13062313,13.46875,0.007154
0,0,0,10.13459927,13.46875,0.007154
0,0,0,10.13855967,13.46875,0.007154
0,0,0,10.14250445,13.46875,0.007154
0,0,0,10.14643373,13.46875,0.007154
0,0,0,10.15034763,13.46875,0.007154
0,0,0,10.15424627,13.46875,0.007154
0,0,0,10.15812977,13.46875,0.007154
0,0,0,10.16199825,13.46875,0.007154
0,0,0,10.16585182,13.46875,0.007154
0,0,0,10.16969059,13.46875,0.007154
0,0,0,10.17351469,13.46875,0.007154
0,0,0,10.17732422,13.46875,0.007154
0,0,0,10.18111929,13.46875,0.007154
0,0,0,10.18490001,13.46875,0.007154
0,0,0,10.18866649,13.46875,0.007154
0,0,0,10.19241884,13.46875,0.007154
0,0,0,10.19615717,13.46875,0.007154
0,0,0,10.19988157,13.46875,0.007154
0,0,0,10.20359214,13.46875,0.007154
0,0,0,10.20728901,13.46875,0.007154
0,0,0,10.21097225,13.46875,0.007154
0,0,0,10.21464198,13.46875,0.007154
0,0,0,10.21829829,13.46875,0.007154
0,0,0,10.22194128,13.46875,0.007154
0,0,0,10.22557105,13.46875,0.007154
0,0,0,10.22918769,13.46875,0.007154
0,0,0,10.2327913,13.46875,0.007154
0,0,0,10.23638197,13.46875,0.007154
0,0,0,10.23995979,13.46875,0.007154
0,0,0,10.24352486,13.46875,0.007154
0,0,0,10.24707726,13.46875,0.007154
0,0,0,10.25061708,13.46875,0.007154
0,0,0,10.25414442,13.46875,0.007154
0,0,0,10.25765937,13.46875,0.007154
0,0,0,10.261162,13.46875,0.007154
0,0,0,10.2646524,13.46875,0.007154
0,0,0,10.26813067,13.46875,0.007154
0,0,0,10.27159687,13.46875,0.007154
0,0,0,10.27505111,13.46875,0.007154
0,0,0,10.27849345,13.46875,0.007154
0,0,0,10.28192399,13.46875,0.007154
0,0,0,10.2853428,13.46875,0.007154
0,0,0,10.28874995,13.46875,0.007154
0,0,0,10.29214554,13.46875,0.007154
0,0,0,10.29552964,13.46875,0.007154
0,0,0,10.29890232,13.46875,0.007154
0,0,0,10.30226367,13.46875,0.007154
0,0,0,10.30561376,13.46875,0.007154
0,0,0,10.30895266,13.46875,0.007154
0,0,0,10.31228045,13.46875,0.007154
0,0,0,10.3155972,13.46875,0.007154
0,0,0,10.31890299,13.46875,0.007154
0,0,0,10.32219789,13.46875,0.007154
0,0,0,10.32548196,13.46875,0.007154
0,0,0,10.32875529,13.46875,0.007154
0,0,0,10.33201793,13.46875,0.007154
0,0,0,10.33526997,13.46875,0.007154
0,0,0,10.33851146,13.46875,0.007154
0,0,0,10.34174248,13.46875,0.007154
0,0,0,10.3449631,13.46875,0.007154
0,0,0,10.34817337,13.46875,0.007154
0,0,0,10.35137338,13.46875,0.007154
0,0,0,10.35456317,13.46875,0.007154
0,0,0,10.35774282,13.46875,0.007154
0,0,0,10.3609124,13.46875,0.007154
0,0,0,10.36407196,13.46875,0.007154
0,0,0,10.36722157,13.46875,0.007154
0,0,0,10.37036129,13.46875,0.007154
0,0,0,10.37349118,13.46875,0.007154
0,0,0,10.37661131,13.46875,0.007154
0,0,0,10.37972173,13.46875,0.007154
0,0,0,10.38282251,13.46875,0.007154
0,0,0,10.3859137,13.46875,0.007154
0,0,0,10.38899537,13.46875,0.007154
0,0,0,10.39206757,13.46875,0.007154
0,0,0,10.39513036,13.46875,0.007154
0,0,0,10.39818379,13.46875,0.007154
0,0,0,10.40122794,13.46875,0.007154
0,0,0,10.40426284,13.46875,0.007154
0,0,0,10.40728856,13.46875,0.007154
0,0,0,10.41030515,13.46875,0.007154
0,0,0,10.41331268,13.46875,0.007154
0,0,0,10.41631118,13.46875,0.007154
0,0,0,10.41930072,13.46875,0.007154
0,0,0,10.42228135,13.46875,0.007154
0,0,0,10.42525312,13.46875,0.007154
0,0,0,10.42821608,13.46875,0.007154
0,0,0,10.43117029,13.46875,0.007154
0,0,0,10.4341158,13.46875,0.007154
0,0,0,10.43705266,13.46875,0.007154
0,0,0,10.43998092,13.46875,0.007154
0,0,0,10.44290063,13.46875,0.007154
0,0,0,10.44581184,13.46875,0.007154
0,0,0,10.4487146,13.46875,0.007154
0,0,0,10.45160896,13.46875,0.007154
0,0,0,10.45449497,13.46875,0.007154
0,0,0,10.45737267,13.46875,0.007154
0,0,0,10.46024211,13.46875,0.007154
0,0,0,10.46310334,13.46875,0.007154
0,0,0,10.46595641,13.46875,0.007154
0,0,0,10.46880136,13.46875,0.007154
0,0,0,10.47163824,13.46875,0.007154
0,0,0,10.4744671,13.46875,0.007154
0,0,0,10.47728798,13.46875,0.007154
0,0,0,10.48010092,13.46875,0.007154
0,0,0,10.48290597,13.46875,0.007154
0,0,0,10.48570317,13.46875,0.007154
0,0,0,10.48849257,13.46875,0.007154
0,0,0,10.49127422,13.46875,0.007154
0,0,0,10.49404814,13.46875,0.007154
0,0,0,10.4968144,13.46875,0.007154
0,0,0,10.49957302,13.46875,0.007154
0,0,0,10.50232405,13.46875,0.007154
0,0,0,10.50506754,13.46875,0.007154
0,0,0,10.50780352,13.46875,0.007154
0,0,0,10.51053203,13.46875,0.007154
0,0,0,10.51325312,13.46875,0.007154
0,0,0,10.51596683,13.46875,0.007154
0,0,0,10.51867319,13.46875,0.007154
0,0,0,10.52137225,13.46875,0.007154
0,0,0,10.52406404,13.46875,0.007154
0,0,0,10.52674861,13.46875,0.007154
0,0,0,10.52942598,13.46875,0.007154
0,0,0,10.53209621,13.46875,0.007154
0,0,0,10.53475933,13.46875,0.007154
0,0,0,10.53741537,13.46875,0.007154
0,0,0,10.54006438,13.46875,0.007154
0,0,0,10.54270639,13.46875,0.007154
0,0,0,10.54534144,13.46875,0.007154
0,0,0,10.54796956,13.46875,0.007154
0,0,0,10.55059079,13.46875,0.007154
0,0,0,10.55320518,13.46875,0.007154
0,0,0,10.55581274,13.46875,0.007154
0,0,0,10.55841352,13.46875,0.007154
0,0,0,10.56100756,13.46875,0.007154
0,0,0,10.56359488,13.46875,0.007154
0,0,0,10.56617553,13.46875,0.007154
0,0,0,10.56874953,13.46875,0.007154
0,0,0,10.57131693,13.46875,0.007154
0,0,0,10.57387775,13.46875,0.007154
0,0,0,10.57643203,13.46875,0.007154
0,0,0,10.5789798,13.46875,0.007154
0,0,0,10.5815211,13.46875,0.007154
0,0,0,10.58405595,13.46875,0.007154
0,0,0,10.5865844,13.46875,0.007154
0,0,0,10.58910647,13.46875,0.007154
0,0,0,10.59162219,13.46875,0.007154
0,0,0,10.5941316,13.46875,0.007154
0,0,0,10.59663473,13.46875,0.007154
0,0,0,10.59913161,13.46875,0.007154
0,0,0,10.60162227,13.46875,0.007154
0,0,0,10.60410675,13.46875,0.007154
0,0,0,10.60658506,13.46875,0.007154
0,0,0,10.60905725,13.46875,0.007154
0,0,0,10.61152335,13.46875,0.007154
0,0,0,10.61398337,13.46875,0.007154
0,0,0,10.61643736,13.46875,0.007154
0,0,0,10.61888534,13.46875,0.007154
0,0,0,10.62132735,13.46875,0.007154
0,0,0,10.6237634,13.46875,0.007154
0,0,0,10.62619354,13.46875,0.007154
0,0,0,10.62861778,13.46875,0.007154
0,0,0,10.63103616,13.46875,0.007154
0,0,0,10.63344871,13.46875,0.007154
0,0,0,10.63585545,13.46875,0.007154
0,0,0,10.63825641,13.46875,0.007154
0,0,0,10.64065162,13.46875,0.007154
0,0,0,10.64304111,13.46875,0.007154
0,0,0,10.6454249,13.46875,0.007154
0,0,0,10.64780302,13.46875,0.007154
0,0,0,10.6501755,13.46875,0.007154
0,0,0,10.65254237,13.46875,0.007154
0,0,0,10.65490364,13.46875,0.007154
0,0,0,10.65725935,13.46875,0.007154
0,0,0,10.65960953,13.46875,0.007154
0,0,0,10.6619542,13.46875,0.007154
0,0,0,10.66429338,13.46875,0.007154
0,0,0,10.6666271,13.46875,0.007154
0,0,0,10.66895539,13.46875,0.007154
0,0,0,10.67127828,13.46875,0.007154
0,0,0,10.67359577,13.46875,0.007154
0,0,0,10.67590791,13.46875,0.007154
0,0,0,10.67821472,13.46875,0.007154
0,0,0,10.68051622,13.46875,0.007154
0,0,0,10.68281243,13.46875,0.007154
0,0,0,10.68510338,13.46875,0.007154
0,0,0,10.6873891,13.46875,0.007154
0,0,0,10.6896696,13.46875,0.007154
0,0,0,10.69194491,13.46875,0.007154
0,0,0,10.69421506,13.46875,0.007154
0,0,0,10.69648007,13.46875,0.007154
0,0,0,10.69873996,13.46875,0.007154
0,0,0,10.70099475,13.46875,0.007154
0,0,0,10.70324447,13.46875,0.007154
0,0,0,10.70548914,13.46875,0.007154
0,0,0,10.70772878,13.46875,0.007154
0,0,0,10.70996342,13.46875,0.007154
0,0,0,10.71219307,13.46875,0.007154
0,0,0,10.71441777,13.46875,0.007154
0,0,0,10.71663753,13.46875,0.007154
0,0,0,10.71885237,13.46875,0.007154
0,0,0,10.72106231,13.46875,0.007154
0,0,0,10.72326738,13.46875,0.007154
0,0,0,10.7254676,13.46875,0.007154
0,0,0,10.727663,13.46875,0.007154
0,0,0,10.72985358,13.46875,0.007154
0,0,0,10.73203937,13.46875,0.007154
0,0,0,10.7342204,13.46875,0.007154
0,0,0,10.73639668,13.46875,0.007154
0,0,0,10.73856823,13.46875,0.007154
0,0,0,10.74073508,13.46875,0.007154
0,0,0,10.74289724,13.46875,0.007154
0,0,0,10.74505474,13.46875,0.007154
0,0,0,10.74720759,13.46875,0.007154
0,0,0,10.74935582,13.46875,0.007154
0,0,0,10.75149944,13.46875,0.007154
0,0,0,10.75363848,13.46875,0.007154
0,0,0,10.75577295,13.46875,0.007154
0,0,0,10.75790288,13.46875,0.007154
0,0,0,10.76002828,13.46875,0.007154
0,0,0,10.76214917,13.46875,0.007154
0,0,0,10.76426557,13.46875,0.007154
0,0,0,10.76637751,13.46875,0.007154
0,0,0,10.76848499,13.46875,0.007154
0,0,0,10.77058804,13.46875,0.007154
0,0,0,10.77268668,13.46875,0.007154
0,0,0,10.77478092,13.46875,0.007154
0,0,0,10.77687078,13.46875,0.007154
0,0,0,10.77895629,13.46875,0.007154
0,0,0,10.78103746,13.46875,0.007154
0,0,0,10.7831143,13.46875,0.007154
0,0,0,10.78518684,13.46875,0.007154
0,0,0,10.78725509,13.46875,0.007154
0,0,0,10.78931908,13.46875,0.007154
0,0,0,10.79137881,13.46875,0.007154
0,0,0,10.79343431,13.46875,0.007154
0,0,0,10.79548559,13.46875,0.007154
0,0,0,10.79753268,13.46875,0.007154
0,0,0,10.79957558,13.46875,0.007154
0,0,0,10.80161431,13.46875,0.007154
0,0,0,10.8036489,13.46875,0.007154
0,0,0,10.80567936,13.46875,0.007154
0,0,0,10.8077057,13.46875,0.007154
0,0,0,10.80972795,13.46875,0.007154
0,0,0,10.81174611,13.46875,0.007154
0,0,0,10.81376021,13.46875,0.007154
0,0,0,10.81577026,13.46875,0.007154
0,0,0,10.81777628,13.46875,0.007154
0,0,0,10.81977828,13.46875,0.007154
0,0,0,10.82177629,13.46875,0.007154
0,0,0,10.82377031,13.46875,0.007154
0,0,0,10.82576036,13.46875,0.007154
0,0,0,10.82774645,13.46875,0.007154
0,0,0,10.82972862,13.46875,0.007154
0,0,0,10.83170686,13.46875,0.007154
0,0,0,10.83368119,13.46875,0.007154
0,0,0,10.83565163,13.46875,0.007154
0,0,0,10.8376182,13.46875,0.007154
0,0,0,10.83958091,13.46875,0.007154
0,0,0,10.84153978,13.46875,0.007154
0,0,0,10.84349481,13.46875,0.007154
0,0,0,10.84544603,13.46875,0.007154
0,0,0,10.84739345,13.46875,0.007154
0,0,0,10.84933709,13.46875,0.007154
0,0,0,10.85127695,13.46875,0.007154
0,0,0,10.85321306,13.46875,0.007154
0,0,0,10.85514543,13.46875,0.007154
0,0,0,10.85707407,13.46875,0.007154
0,0,0,10.858999,13.46875,0.007154
0,0,0,10.86092023,13.46875,0.007154
0,0,0,10.86283777,13.46875,0.007154
0,0,0,10.86475165,13.46875,0.007154
0,0,0,10.86666187,13.46875,0.007154
0,0,0,10.86856845,13.46875,0.007154
0,0,0,10.8704714,13.46875,0.007154
0,0,0,10.87237073,13.46875,0.007154
0,0,0,10.87426647,13.46875,0.007154
0,0,0,10.87615862,13.46875,0.007154
0,0,0,10.87804719,13.46875,0.007154
0,0,0,10.87993221,13.46875,0.007154
0,0,0,10.88181368,13.46875,0.007154
0,0,0,10.88369161,13.46875,0.007154
0,0,0,10.88556602,13.46875,0.007154
0,0,0,10.88743693,13.46875,0.007154
0,0,0,10.88930435,13.46875,0.007154
0,0,0,10.89116828,13.46875,0.007154
0,0,0,10.89302875,13.46875,0.007154
0,0,0,10.89488576,13.46875,0.007154
0,0,0,10.89673933,13.46875,0.007154
0,0,0,10.89858946,13.46875,0.007154
0,0,0,10.90043619,13.46875,0.007154
0,0,0,10.90227951,13.46875,0.007154
0,0,0,10.90411943,13.46875,0.007154
0,0,0,10.90595598,13.46875,0.007154
0,0,0,10.90778916,13.46875,0.007154
0,0,0,10.90961899,13.46875,0.007154
0,0,0,10.91144547,13.46875,0.007154
0,0,0,10.91326863,13.46875,0.007154
0,0,0,10.91508846,13.46875,0.007154
0,0,0,10.916905,13.46875,0.007154
0,0,0,10.91871823,13.46875,0.007154
0,0,0,10.92052819,13.46875,0.007154
0,0,0,10.92233487,13.46875,0.007154
0,0,0,10.9241383,13.46875,0.007154
0,0,0,10.92593848,13.46875,0.007154
0,0,0,10.92773543,13.46875,0.007154
0,0,0,10.92952915,13.46875,0.007154
0,0,0,10.93131966,13.46875,0.007154
0,0,0,10.93310697,13.46875,0.007154
0,0,0,10.93489109,13.46875,0.007154
0,0,0,10.93667204,13.46875,0.007154
0,0,0,10.93844981,13.46875,0.007154
0,0,0,10.94022444,13.46875,0.007154
0,0,0,10.94199592,13.46875,0.007154
0,0,0,10.94376426,13.46875,0.007154
0,0,0,10.94552949,13.46875,0.007154
0,0,0,10.9472916,13.46875,0.007154
0,0,0,10.94905062,13.46875,0.007154
0,0,0,10.95080655,13.46875,0.007154
0,0,0,10.9525594,13.46875,0.007154
0,0,0,10.95430918,13.46875,0.007154
0,0,0,10.9560559,13.46875,0.007154
0,0,0,10.95779958,13.46875,0.007154
0,0,0,10.95954023,13.46875,0.007154
0,0,0,10.96127785,13.46875,0.007154
0,0,0,10.96301245,13.46875,0.007154
0,0,0,10.96474405,13.46875,0.007154
0,0,0,10.96647266,13.46875,0.007154
0,0,0,10.96819829,13.46875,0.007154
0,0,0,10.96992094,13.46875,0.007154
0,0,0,10.97164063,13.46875,0.007154
0,0,0,10.97335737,13.46875,0.007154
0,0,0,10.97507117,13.46875,0.007154
0,0,0,10.97678203,13.46875,0.007154
0,0,0,10.97848998,13.46875,0.007154
0,0,0,10.98019501,13.46875,0.007154
0,0,0,10.98189713,13.46875,0.007154
0,0,0,10.98359637,13.46875,0.007154
0,0,0,10.98529272,13.46875,0.007154
0,0,0,10.9869862,13.46875,0.007154
0,0,0,10.98867682,13.46875,0.007154
0,0,0,10.99036458,13.46875,0.007154
0,0,0,10.99204951,13.46875,0.007154
0,0,0,10.99373159,13.46875,0.007154
0,0,0,10.99541085,13.46875,0.007154
0,0,0,10.9970873,13.46875,0.007154
0,0,0,10.99876094,13.46875,0.007154
0,0,0,11.00043178,13.46875,0.007154
0,0,0,11.00209984,13.46875,0.007154
0,0,0,11.00376512,13.46875,0.007154
0,0,0,11.00542763,13.46875,0.007154
0,0,0,11.00708738,13.46875,0.007154
0,0,0,11.00874438,13.46875,0.007154
0,0,0,11.01039864,13.46875,0.007154
0,0,0,11.01205017,13.46875,0.007154
0,0,0,11.01369898,13.46875,0.007154
0,0,0,11.01534507,13.46875,0.007154
0,0,0,11.01698845,13.46875,0.007154
0,0,0,11.01862914,13.46875,0.007154
0,0,0,11.02026715,13.46875,0.007154
0,0,0,11.02190247,13.46875,0.007154
0,0,0,11.02353512,13.46875,0.007154
0,0,0,11.02516511,13.46875,0.007154
0,0,0,11.02679245,13.46875,0.007154
0,0,0,11.02841715,13.46875,0.007154
0,0,0,11.03003921,13.46875,0.007154
0,0,0,11.03165864,13.46875,0.007154
0,0,0,11.03327546,13.46875,0.007154
0,0,0,11.03488966,13.46875,0.007154
0,0,0,11.03650127,13.46875,0.007154
0,0,0,11.03811028,13.46875,0.007154
0,0,0,11.0397167,13.46875,0.007154
0,0,0,11.04132055,13.46875,0.007154
0,0,0,11.04292184,13.46875,0.007154
0,0,0,11.04452056,13.46875,0.007154
0,0,0,11.04611673,13.46875,0.007154
0,0,0,11.04771035,13.46875,0.007154
0,0,0,11.04930144,13.46875,0.007154
0,0,0,11.05089001,13.46875,0.007154
0,0,0,11.05247605,13.46875,0.007154
0,0,0,11.05405958,13.46875,0.007154
0,0,0,11.05564061,13.46875,0.007154
0,0,0,11.05721914,13.46875,0.007154
0,0,0,11.05879518,13.46875,0.007154
0,0,0,11.06036875,13.46875,0.007154
0,0,0,11.06193984,13.46875,0.007154
0,0,0,11.06350847,13.46875,0.007154
0,0,0,11.06507464,13.46875,0.007154
0,0,0,11.06663836,13.46875,0.007154
0,0,0,11.06819964,13.46875,0.007154
0,0,0,11.06975849,13.46875,0.007154
0,0,0,11.07131491,13.46875,0.007154
0,0,0,11.07286891,13.46875,0.007154
0,0,0,11.0744205,13.46875,0.007154
0,0,0,11.07596969,13.46875,0.007154
0,0,0,11.07751648,13.46875,0.007154
0,0,0,11.07906088,13.46875,0.007154
0,0,0,11.0806029,13.46875,0.007154
0,0,0,11.08214255,13.46875,0.007154
0,0,0,11.08367983,13.46875,0.007154
0,0,0,11.08521475,13.46875,0.007154
0,0,0,11.08674732,13.46875,0.007154
0,0,0,11.08827754,13.46875,0.007154
0,0,0,11.08980542,13.46875,0.007154
0,0,0,11.09133097,13.46875,0.007154
0,0,0,11.0928542,13.46875,0.007154
0,0,0,11.09437512,13.46875,0.007154
0,0,0,11.09589372,13.46875,0.007154
0,0,0,11.09741002,13.46875,0.007154
0,0,0,11.09892403,13.46875,0.007154
0,0,0,11.10043574,13.46875,0.007154
0,0,0,11.10194518,13.46875,0.007154
0,0,0,11.10345234,13.46875,0.007154
0,0,0,11.10495723,13.46875,0.007154
0,0,0,11.10645986,13.46875,0.007154
0,0,0,11.10796023,13.46875,0.007154
0,0,0,11.10945836,13.46875,0.007154
0,0,0,11.11095425,13.46875,0.007154
0,0,0,11.1124479,13.46875,0.007154
0,0,0,11.11393932,13.46875,0.007154
0,0,0,11.11542853,13.46875,0.007154
0,0,0,11.11691552,13.46875,0.007154
0,0,0,11.1184003,13.46875,0.007154
0,0,0,11.11988288,13.46875,0.007154
0,0,0,11.12136326,13.46875,0.007154
0,0,0,11.12284146,13.46875,0.007154
0,0,0,11.12431747,13.46875,0.007154
0,0,0,11.12579131,13.46875,0.007154
0,0,0,11.12726298,13.46875,0.007154
0,0,0,11.12873249,13.46875,0.007154
0,0,0,11.13019984,13.46875,0.007154
0,0,0,11.13166505,13.46875,0.007154
0,0,0,11.1331281,13.46875,0.007154
0,0,0,11.13458902,13.46875,0.007154
0,0,0,11.13604781,13.46875,0.007154
0,0,0,11.13750448,13.46875,0.007154
0,0,0,11.13895902,13.46875,0.007154
0,0,0,11.14041146,13.46875,0.007154
0,0,0,11.14186178,13.46875,0.007154
0,0,0,11.14331001,13.46875,0.007154
0,0,0,11.14475614,13.46875,0.007154
0,0,0,11.14620019,13.46875,0.007154
0,0,0,11.14764215,13.46875,0.007154
0,0,0,11.14908203,13.46875,0.007154
0,0,0,11.15051985,13.46875,0.007154
0,0,0,11.1519556,13.46875,0.007154
0,0,0,11.15338929,13.46875,0.007154
0,0,0,11.15482093,13.46875,0.007154
0,0,0,11.15625052,13.46875,0.007154
0,0,0,11.15767807,13.46875,0.007154
0,0,0,11.15910359,13.46875,0.007154
0,0,0,11.16052708,13.46875,0.007154
0,0,0,11.16194854,13.46875,0.007154
0,0,0,11.16336799,13.46875,0.007154
0,0,0,11.16478542,13.46875,0.007154
0,0,0,11.16620085,13.46875,0.007154
0,0,0,11.16761428,13.46875,0.007154
0,0,0,11.16902571,13.46875,0.007154
0,0,0,11.17043516,13.46875,0.007154
0,0,0,11.17184262,13.46875,0.007154
0,0,0,11.1732481,13.46875,0.007154
0,0,0,11.17465161,13.46875,0.007154
0,0,0,11.17605315,13.46875,0.007154
0,0,0,11.17745273,13.46875,0.007154
0,0,0,11.17885035,13.46875,0.007154
0,0,0,11.18024603,13.46875,0.007154
0,0,0,11.18163976,13.46875,0.007154
0,0,0,11.18303154,13.46875,0.007154
0,0,0,11.1844214,13.46875,0.007154
0,0,0,11.18580932,13.46875,0.007154
0,0,0,11.18719532,13.46875,0.007154
0,0,0,11.18857941,13.46875,0.007154
0,0,0,11.18996158,13.46875,0.007154
0,0,0,11.19134184,13.46875,0.007154
0,0,0,11.1927202,13.46875,0.007154
0,0,0,11.19409666,13.46875,0.007154
0,0,0,11.19547123,13.46875,0.007154
0,0,0,11.19684392,13.46875,0.007154
0,0,0,11.19821472,13.46875,0.007154
0,0,0,11.19958365,13.46875,0.007154
0,0,0,11.2009507,13.46875,0.007154
0,0,0,11.20231589,13.46875,0.007154
0,0,0,11.20367921,13.46875,0.007154
0,0,0,11.20504069,13.46875,0.007154
0,0,0,11.2064003,13.46875,0.007154
0,0,0,11.20775808,13.46875,0.007154
0,0,0,11.20911401,13.46875,0.007154
0,0,0,11.21046811,13.46875,0.007154
0,0,0,11.21182037,13.46875,0.007154
0,0,0,11.21317081,13.46875,0.007154
0,0,0,11.21451943,13.46875,0.007154
0,0,0,11.21586623,13.46875,0.007154
0,0,0,11.21721122,13.46875,0.007154
0,0,0,11.2185544,13.46875,0.007154
0,0,0,11.21989579,13.46875,0.007154
0,0,0,11.22123537,13.46875,0.007154
0,0,0,11.22257316,13.46875,0.007154
0,0,0,11.22390917,13.46875,0.007154
0,0,0,11.22524339,13.46875,0.007154
0,0,0,11.22657584,13.46875,0.007154
0,0,0,11.22790651,13.46875,0.007154
0,0,0,11.22923541,13.46875,0.007154
0,0,0,11.23056255,13.46875,0.007154
0,0,0,11.23188794,13.46875,0.007154
0,0,0,11.23321156,13.46875,0.007154
0,0,0,11.23453344,13.46875,0.007154
0,0,0,11.23585357,13.46875,0.007154
0,0,0,11.23717196,13.46875,0.007154
0,0,0,11.23848862,13.46875,0.007154
0,0,0,11.23980354,13.46875,0.007154
0,0,0,11.24111674,13.46875,0.007154
0,0,0,11.24242822,13.46875,0.007154
0,0,0,11.24373798,13.46875,0.007154
0,0,0,11.24504602,13.46875,0.007154
0,0,0,11.24635236,13.46875,0.007154
0,0,0,11.24765699,13.46875,0.007154
0,0,0,11.24895992,13.46875,0.007154
0,0,0,11.25026116,13.46875,0.007154
0,0,0,11.2515607,13.46875,0.007154
0,0,0,11.25285856,13.46875,0.007154
0,0,0,11.25415474,13.46875,0.007154
0,0,0,11.25544923,13.46875,0.007154
0,0,0,11.25674206,13.46875,0.007154
0,0,0,11.25803322,13.46875,0.007154
0,0,0,11.25932271,13.46875,0.007154
0,0,0,11.26061054,13.46875,0.007154
0,0,0,11.26189671,13.46875,0.007154
0,0,0,11.26318123,13.46875,0.007154
0,0,0,11.26446411,13.46875,0.007154
0,0,0,11.26574534,13.46875,0.007154
0,0,0,11.26702493,13.46875,0.007154
0,0,0,11.26830288,13.46875,0.007154
0,0,0,11.26957921,13.46875,0.007154
0,0,0,11.2708539,13.46875,0.007154
0,0,0,11.27212698,13.46875,0.007154
0,0,0,11.27339843,13.46875,0.007154
0,0,0,11.27466828,13.46875,0.007154
0,0,0,11.27593651,13.46875,0.007154
0,0,0,11.27720313,13.46875,0.007154
0,0,0,11.27846815,13.46875,0.007154
0,0,0,11.27973158,13.46875,0.007154
0,0,0,11.28099341,13.46875,0.007154
0,0,0,11.28225365,13.46875,0.007154
0,0,0,11.2835123,13.46875,0.007154
0,0,0,11.28476937,13.46875,0.007154
0,0,0,11.28602486,13.46875,0.007154
0,0,0,11.28727878,13.46875,0.007154
0,0,0,11.28853113,13.46875,0.007154
0,0,0,11.28978191,13.46875,0.007154
0,0,0,11.29103113,13.46875,0.007154
0,0,0,11.29227879,13.46875,0.007154
0,0,0,11.2935249,13.46875,0.007154
0,0,0,11.29476946,13.46875,0.007154
0,0,0,11.29601246,13.46875,0.007154
0,0,0,11.29725393,13.46875,0.007154
0,0,0,11.29849385,13.46875,0.007154
0,0,0,11.29973224,13.46875,0.007154
0,0,0,11.3009691,13.46875,0.007154
0,0,0,11.30220443,13.46875,0.007154
0,0,0,11.30343824,13.46875,0.007154
0,0,0,11.30467053,13.46875,0.007154
0,0,0,11.3059013,13.46875,0.007154
0,0,0,11.30713055,13.46875,0.007154
0,0,0,11.3083583,13.46875,0.007154
0,0,0,11.30958454,13.46875,0.007154
0,0,0,11.31080928,13.46875,0.007154
0,0,0,11.31203252,13.46875,0.007154
0,0,0,11.31325427,13.46875,0.007154
0,0,0,11.31447453,13.46875,0.007154
0,0,0,11.3156933,13.46875,0.007154
0,0,0,11.31691058,13.46875,0.007154
0,0,0,11.31812639,13.46875,0.007154
0,0,0,11.31934072,13.46875,0.007154
0,0,0,11.32055357,13.46875,0.007154
0,0,0,11.32176496,13.46875,0.007154
0,0,0,11.32297488,13.46875,0.007154
0,0,0,11.32418334,13.46875,0.007154
0,0,0,11.32539034,13.46875,0.007154
0,0,0,11.32659589,13.46875,0.007154
0,0,0,11.32779998,13.46875,0.007154
0,0,0,11.32900263,13.46875,0.007154
0,0,0,11.33020383,13.46875,0.007154
0,0,0,11.33140359,13.46875,0.007154
0,0,0,11.33260191,13.46875,0.007154
0,0,0,11.3337988,13.46875,0.007154
0,0,0,11.33499426,13.46875,0.007154
0,0,0,11.33618829,13.46875,0.007154
0,0,0,11.33738089,13.46875,0.007154
0,0,0,11.33857208,13.46875,0.007154
0,0,0,11.33976185,13.46875,0.007154
0,0,0,11.3409502,13.46875,0.007154
0,0,0,11.34213714,13.46875,0.007154
0,0,0,11.34332268,13.46875,0.007154
0,0,0,11.34450681,13.46875,0.007154
0,0,0,11.34568955,13.46875,0.007154
0,0,0,11.34687088,13.46875,0.007154
0,0,0,11.34805082,13.46875,0.007154
0,0,0,11.34922937,13.46875,0.007154
0,0,0,11.35040654,13.46875,0.007154
0,0,0,11.35158231,13.46875,0.007154
0,0,0,11.35275671,13.46875,0.007154
0,0,0,11.35392973,13.46875,0.007154
0,0,0,11.35510138,13.46875,0.007154
0,0,0,11.35627165,13.46875,0.007154
0,0,0,11.35744056,13.46875,0.007154
0,0,0,11.3586081,13.46875,0.007154
0,0,0,11.35977429,13.46875,0.007154
0,0,0,11.36093911,13.46875,0.007154
0,0,0,11.36210258,13.46875,0.007154
0,0,0,11.36326469,13.46875,0.007154
0,0,0,11.36442546,13.46875,0.007154
0,0,0,11.36558488,13.46875,0.007154
0,0,0,11.36674295,13.46875,0.007154
0,0,0,11.36789969,13.46875,0.007154
0,0,0,11.36905509,13.46875,0.007154
0,0,0,11.37020916,13.46875,0.007154
0,0,0,11.3713619,13.46875,0.007154
0,0,0,11.37251331,13.46875,0.007154
0,0,0,11.3736634,13.46875,0.007154
0,0,0,11.37481216,13.46875,0.007154
0,0,0,11.37595961,13.46875,0.007154
0,0,0,11.37710574,13.46875,0.007154
0,0,0,11.37825056,13.46875,0.007154
0,0,0,11.37939407,13.46875,0.007154
0,0,0,11.38053628,13.46875,0.007154
0,0,0,11.38167718,13.46875,0.007154
0,0,0,11.38281678,13.46875,0.007154
0,0,0,11.38395508,13.46875,0.007154
0,0,0,11.38509209,13.46875,0.007154
0,0,0,11.38622781,13.46875,0.007154
0,0,0,11.38736224,13.46875,0.007154
0,0,0,11.38849539,13.46875,0.007154
0,0,0,11.38962725,13.46875,0.007154
0,0,0,11.39075783,13.46875,0.007154
0,0,0,11.39188714,13.46875,0.007154
0,0,0,11.39301517,13.46875,0.007154
0,0,0,11.39414193,13.46875,0.007154
0,0,0,11.39526742,13.46875,0.007154
0,0,0,11.39639165,13.46875,0.007154
0,0,0,11.39751461,13.46875,0.007154
0,0,0,11.39863632,13.46875,0.007154
0,0,0,11.39975677,13.46875,0.007154
0,0,0,11.40087596,13.46875,0.007154
0,0,0,11.4019939,13.46875,0.007154
0,0,0,11.4031106,13.46875,0.007154
0,0,0,11.40422605,13.46875,0.007154
0,0,0,11.40534025,13.46875,0.007154
0,0,0,11.40645322,13.46875,0.007154
0,0,0,11.40756495,13.46875,0.007154
0,0,0,11.40867544,13.46875,0.007154
0,0,0,11.40978471,13.46875,0.007154
0,0,0,11.41089274,13.46875,0.007154
0,0,0,11.41199955,13.46875,0.007154
0,0,0,11.41310513,13.46875,0.007154
0,0,0,11.41420949,13.46875,0.007154
0,0,0,11.41531264,13.46875,0.007154
0,0,0,11.41641456,13.46875,0.007154
0,0,0,11.41751528,13.46875,0.007154
0,0,0,11.41861479,13.46875,0.007154
0,0,0,11.41971308,13.46875,0.007154
0,0,0,11.42081018,13.46875,0.007154
0,0,0,11.42190607,13.46875,0.007154
0,0,0,11.42300076,13.46875,0.007154
0,0,0,11.42409425,13.46875,0.007154
0,0,0,11.42518655,13.46875,0.007154
0,0,0,11.42627766,13.46875,0.007154
0,0,0,11.42736758,13.46875,0.007154
0,0,0,11.42845631,13.46875,0.007154
0,0,0,11.42954386,13.46875,0.007154
0,0,0,11.43063022,13.46875,0.007154
0,0,0,11.43171541,13.46875,0.007154
0,0,0,11.43279942,13.46875,0.007154
0,0,0,11.43388226,13.46875,0.007154
0,0,0,11.43496392,13.46875,0.007154
0,0,0,11.43604442,13.46875,0.007154
0,0,0,11.43712375,13.46875,0.007154
0,0,0,11.43820192,13.46875,0.007154
0,0,0,11.43927892,13.46875,0.007154
0,0,0,11.44035477,13.46875,0.007154
0,0,0,11.44142946,13.46875,0.007154
0,0,0,11.442503,13.46875,0.007154
0,0,0,11.44357539,13.46875,0.007154
0,0,0,11.44464662,13.46875,0.007154
0,0,0,11.44571672,13.46875,0.007154
0,0,0,11.44678566,13.46875,0.007154
0,0,0,11.44785347,13.46875,0.007154
0,0,0,11.44892013,13.46875,0.007154
0,0,0,11.44998567,13.46875,0.007154
0,0,0,11.45105006,13.46875,0.007154
0,0,0,11.45211333,13.46875,0.007154
0,0,0,11.45317546,13.46875,0.007154
0,0,0,11.45423647,13.46875,0.007154
0,0,0,11.45529635,13.46875,0.007154
0,0,0,11.45635511,13.46875,0.007154
0,0,0,11.45741276,13.46875,0.007154
0,0,0,11.45846928,13.46875,0.007154
0,0,0,11.45952469,13.46875,0.007154
0,0,0,11.46057898,13.46875,0.007154
0,0,0,11.46163217,13.46875,0.007154
0,0,0,11.46268425,13.46875,0.007154
0,0,0,11.46373522,13.46875,0.007154
0,0,0,11.46478509,13.46875,0.007154
0,0,0,11.46583386,13.46875,0.007154
0,0,0,11.46688153,13.46875,0.007154
0,0,0,11.4679281,13.46875,0.007154
0,0,0,11.46897358,13.46875,0.007154
0,0,0,11.47001796,13.46875,0.007154
0,0,0,11.47106126,13.46875,0.007154
0,0,0,11.47210347,13.46875,0.007154
0,0,0,11.47314459,13.46875,0.007154
0,0,0,11.47418464,13.46875,0.007154
0,0,0,11.4752236,13.46875,0.007154
0,0,0,11.47626148,13.46875,0.007154
0,0,0,11.47729829,13.46875,0.007154
0,0,0,11.47833402,13.46875,0.007154
0,0,0,11.47936868,13.46875,0.007154
0,0,0,11.48040227,13.46875,0.007154
0,0,0,11.4814348,13.46875,0.007154
0,0,0,11.48246626,13.46875,0.007154
0,0,0,11.48349665,13.46875,0.007154
0,0,0,11.48452599,13.46875,0.007154
0,0,0,11.48555427,13.46875,0.007154
0,0,0,11.48658149,13.46875,0.007154
0,0,0,11.48760766,13.46875,0.007154
0,0,0,11.48863277,13.46875,0.007154
0,0,0,11.48965684,13.46875,0.007154
0,0,0,11.49067986,13.46875,0.007154
0,0,0,11.49170183,13.46875,0.007154
0,0,0,11.49272276,13.46875,0.007154
0,0,0,11.49374265,13.46875,0.007154
0,0,0,11.49476149,13.46875,0.007154
0,0,0,11.49577931,13.46875,0.007154
0,0,0,11.49679608,13.46875,0.007154
0,0,0,11.49781183,13.46875,0.007154
0,0,0,11.49882654,13.46875,0.007154
0,0,0,11.49984023,13.46875,0.007154
0,0,0,11.50085288,13.46875,0.007154
0,0,0,11.50186452,13.46875,0.007154
0,0,0,11.50287513,13.46875,0.007154
0,0,0,11.50388472,13.46875,0.007154
0,0,0,11.50489329,13.46875,0.007154
0,0,0,11.50590085,13.46875,0.007154
0,0,0,11.50690739,13.46875,0.007154
0,0,0,11.50791292,13.46875,0.007154
0,0,0,11.50891744,13.46875,0.007154
0,0,0,11.50992096,13.46875,0.007154
0,0,0,11.51092346,13.46875,0.007154
0,0,0,11.51192496,13.46875,0.007154
0,0,0,11.51292546,13.46875,0.007154
0,0,0,11.51392497,13.46875,0.007154
0,0,0,11.51492347,13.46875,0.007154
0,0,0,11.51592097,13.46875,0.007154
0,0,0,11.51691749,13.46875,0.007154
0,0,0,11.51791301,13.46875,0.007154
0,0,0,11.51890754,13.46875,0.007154
0,0,0,11.51990108,13.46875,0.007154
0,0,0,11.52089363,13.46875,0.007154
0,0,0,11.52188521,13.46875,0.007154
0,0,0,11.5228758,13.46875,0.007154
0,0,0,11.52386541,13.46875,0.007154
0,0,0,11.52485404,13.46875,0.007154
0,0,0,11.52584169,13.46875,0.007154
0,0,0,11.52682837,13.46875,0.007154
0,0,0,11.52781408,13.46875,0.007154
0,0,0,11.52879881,13.46875,0.007154
0,0,0,11.52978258,13.46875,0.007154
0,0,0,11.53076538,13.46875,0.007154
0,0,0,11.53174722,13.46875,0.007154
0,0,0,11.53272809,13.46875,0.007154
0,0,0,11.533708,13.46875,0.007154
0,0,0,11.53468696,13.46875,0.007154
0,0,0,11.53566495,13.46875,0.007154
0,0,0,11.53664199,13.46875,0.007154
0,0,0,11.53761808,13.46875,0.007154
0,0,0,11.53859321,13.46875,0.007154
0,0,0,11.5395674,13.46875,0.007154
0,0,0,11.54054063,13.46875,0.007154
0,0,0,11.54151292,13.46875,0.007154
0,0,0,11.54248427,13.46875,0.007154
0,0,0,11.54345467,13.46875,0.007154
0,0,0,11.54442413,13.46875,0.007154
0,0,0,11.54539266,13.46875,0.007154
0,0,0,11.54636024,13.46875,0.007154
0,0,0,11.54732689,13.46875,0.007154
0,0,0,11.54829261,13.46875,0.007154
0,0,0,11.54925739,13.46875,0.007154
0,0,0,11.55022125,13.46875,0.007154
0,0,0,11.55118418,13.46875,0.007154
0,0,0,11.55214618,13.46875,0.007154
0,0,0,11.55310725,13.46875,0.007154
0,0,0,11.55406741,13.46875,0.007154
0,0,0,11.55502664,13.46875,0.007154
0,0,0,11.55598495,13.46875,0.007154
0,0,0,11.55694235,13.46875,0.007154
0,0,0,11.55789883,13.46875,0.007154
0,0,0,11.5588544,13.46875,0.007154
0,0,0,11.55980905,13.46875,0.007154
0,0,0,11.56076279,13.46875,0.007154
0,0,0,11.56171563,13.46875,0.007154
0,0,0,11.56266756,13.46875,0.007154
0,0,0,11.56361858,13.46875,0.007154
0,0,0,11.5645687,13.46875,0.007154
0,0,0,11.56551792,13.46875,0.007154
0,0,0,11.56646623,13.46875,0.007154
0,0,0,11.56741365,13.46875,0.007154
0,0,0,11.56836017,13.46875,0.007154
0,0,0,11.5693058,13.46875,0.007154
0,0,0,11.57025053,13.46875,0.007154
0,0,0,11.57119437,13.46875,0.007154
0,0,0,11.57213732,13.46875,0.007154
0,0,0,11.57307939,13.46875,0.007154
0,0,0,11.57402056,13.46875,0.007154
0,0,0,11.57496086,13.46875,0.007154
0,0,0,11.57590026,13.46875,0.007154
0,0,0,11.57683879,13.46875,0.007154
0,0,0,11.57777644,13.46875,0.007154
0,0,0,11.57871321,13.46875,0.007154
0,0,0,11.5796491,13.46875,0.007154
0,0,0,11.58058411,13.46875,0.007154
0,0,0,11.58151826,13.46875,0.007154
0,0,0,11.58245153,13.46875,0.007154
0,0,0,11.58338393,13.46875,0.007154
0,0,0,11.58431546,13.46875,0.007154
0,0,0,11.58524613,13.46875,0.007154
0,0,0,11.58617593,13.46875,0.007154
0,0,0,11.58710486,13.46875,0.007154
0,0,0,11.58803294,13.46875,0.007154
0,0,0,11.58896015,13.46875,0.007154
0,0,0,11.58988651,13.46875,0.007154
0,0,0,11.590812,13.46875,0.007154
0,0,0,11.59173665,13.46875,0.007154
0,0,0,11.59266043,13.46875,0.007154
0,0,0,11.59358337,13.46875,0.007154
0,0,0,11.59450545,13.46875,0.007154
0,0,0,11.59542669,13.46875,0.007154
0,0,0,11.59634707,13.46875,0.007154
0,0,0,11.59726661,13.46875,0.007154
0,0,0,11.59818531,13.46875,0.007154
0,0,0,11.59910316,13.46875,0.007154
0,0,0,11.60002017,13.46875,0.007154
0,0,0,11.60093634,13.46875,0.007154
0,0,0,11.60185167,13.46875,0.007154
0,0,0,11.60276617,13.46875,0.007154
0,0,0,11.60367983,13.46875,0.007154
0,0,0,11.60459265,13.46875,0.007154
0,0,0,11.60550465,13.46875,0.007154
0,0,0,11.60641581,13.46875,0.007154
0,0,0,11.60732614,13.46875,0.007154
0,0,0,11.60823564,13.46875,0.007154
0,0,0,11.60914432,13.46875,0.007154
0,0,0,11.61005218,13.46875,0.007154
0,0,0,11.61095921,13.46875,0.007154
0,0,0,11.61186541,13.46875,0.007154
0,0,0,11.6127708,13.46875,0.007154
0,0,0,11.61367537,13.46875,0.007154
0,0,0,11.61457912,13.46875,0.007154
0,0,0,11.61548205,13.46875,0.007154
0,0,0,11.61638417,13.46875,0.007154
0,0,0,11.61728548,13.46875,0.007154
0,0,0,11.61818598,13.46875,0.007154
0,0,0,11.61908566,13.46875,0.007154
0,0,0,11.61998454,13.46875,0.007154
0,0,0,11.62088261,13.46875,0.007154
0,0,0,11.62177987,13.46875,0.007154
0,0,0,11.62267633,13.46875,0.007154
0,0,0,11.62357199,13.46875,0.007154
0,0,0,11.62446684,13.46875,0.007154
0,0,0,11.62536089,13.46875,0.007154
0,0,0,11.62625415,13.46875,0.007154
0,0,0,11.62714661,13.46875,0.007154
0,0,0,11.62803827,13.46875,0.007154
0,0,0,11.62892914,13.46875,0.007154
0,0,0,11.62981922,13.46875,0.007154
0,0,0,11.6307085,13.46875,0.007154
0,0,0,11.63159699,13.46875,0.007154
0,0,0,11.6324847,13.46875,0.007154
0,0,0,11.63337162,13.46875,0.007154
0,0,0,11.63425775,13.46875,0.007154
0,0,0,11.6351431,13.46875,0.007154
0,0,0,11.63602766,13.46875,0.007154
0,0,0,11.63691144,13.46875,0.007154
0,0,0,11.63779445,13.46875,0.007154
0,0,0,11.63867667,13.46875,0.007154
0,0,0,11.63955812,13.46875,0.007154
0,0,0,11.64043879,13.46875,0.007154
0,0,0,11.64131868,13.46875,0.007154
0,0,0,11.6421978,13.46875,0.007154
0,0,0,11.64307615,13.46875,0.007154
0,0,0,11.64395373,13.46875,0.007154
0,0,0,11.64483054,13.46875,0.007154
0,0,0,11.64570658,13.46875,0.007154
0,0,0,11.64658185,13.46875,0.007154
0,0,0,11.64745636,13.46875,0.007154
0,0,0,11.6483301,13.46875,0.007154
0,0,0,11.64920308,13.46875,0.007154
0,0,0,11.6500753,13.46875,0.007154
0,0,0,11.65094676,13.46875,0.007154
0,0,0,11.65181746,13.46875,0.007154
0,0,0,11.65268741,13.46875,0.007154
0,0,0,11.65355659,13.46875,0.007154
0,0,0,11.65442503,13.46875,0.007154
0,0,0,11.65529271,13.46875,0.007154
0,0,0,11.65615963,13.46875,0.007154
0,0,0,11.65702581,13.46875,0.007154
0,0,0,11.65789124,13.46875,0.007154
0,0,0,11.65875591,13.46875,0.007154
0,0,0,11.65961984,13.46875,0.007154
0,0,0,11.66048303,13.46875,0.007154
0,0,0,11.66134547,13.46875,0.007154
0,0,0,11.66220717,13.46875,0.007154
0,0,0,11.66306812,13.46875,0.007154
0,0,0,11.66392834,13.46875,0.007154
0,0,0,11.66478781,13.46875,0.007154
0,0,0,11.66564655,13.46875,0.007154
0,0,0,11.66650455,13.46875,0.007154
0,0,0,11.66736182,13.46875,0.007154
0,0,0,11.66821835,13.46875,0.007154
0,0,0,11.66907415,13.46875,0.007154
0,0,0,11.66992921,13.46875,0.007154
0,0,0,11.67078355,13.46875,0.007154
0,0,0,11.67163716,13.46875,0.007154
0,0,0,11.67249003,13.46875,0.007154
0,0,0,11.67334219,13.46875,0.007154
0,0,0,11.67419361,13.46875,0.007154
0,0,0,11.67504431,13.46875,0.007154
0,0,0,11.67589429,13.46875,0.007154
0,0,0,11.67674355,13.46875,0.007154
0,0,0,11.67759209,13.46875,0.007154
0,0,0,11.6784399,13.46875,0.007154
0,0,0,11.679287,13.46875,0.007154
0,0,0,11.68013338,13.46875,0.007154
0,0,0,11.68097905,13.46875,0.007154
0,0,0,11.681824,13.46875,0.007154
0,0,0,11.68266824,13.46875,0.007154
0,0,0,11.68351177,13.46875,0.007154
0,0,0,11.68435458,13.46875,0.007154
0,0,0,11.68519669,13.46875,0.007154
0,0,0,11.68603808,13.46875,0.007154
0,0,0,11.68687877,13.46875,0.007154
0,0,0,11.68771876,13.46875,0.007154
0,0,0,11.68855803,13.46875,0.007154
0,0,0,11.68939661,13.46875,0.007154
0,0,0,11.69023448,13.46875,0.007154
0,0,0,11.69107165,13.46875,0.007154
0,0,0,11.69190812,13.46875,0.007154
0,0,0,11.69274389,13.46875,0.007154
0,0,0,11.69357896,13.46875,0.007154
0,0,0,11.69441334,13.46875,0.007154
0,0,0,11.69524702,13.46875,0.007154
0,0,0,11.69608001,13.46875,0.007154
0,0,0,11.6969123,13.46875,0.007154
0,0,0,11.6977439,13.46875,0.007154
0,0,0,11.69857481,13.46875,0.007154
0,0,0,11.69940503,13.46875,0.007154
0,0,0,11.70023456,13.46875,0.007154
0,0,0,11.70106341,13.46875,0.007154
0,0,0,11.70189156,13.46875,0.007154
0,0,0,11.70271904,13.46875,0.007154
0,0,0,11.70354582,13.46875,0.007154
0,0,0,11.70437193,13.46875,0.007154
0,0,0,11.70519735,13.46875,0.007154
0,0,0,11.70602209,13.46875,0.007154
0,0,0,11.70684616,13.46875,0.007154
0,0,0,11.70766954,13.46875,0.007154
0,0,0,11.70849225,13.46875,0.007154
0,0,0,11.70931428,13.46875,0.007154
0,0,0,11.71013563,13.46875,0.007154
0,0,0,11.71095632,13.46875,0.007154
0,0,0,11.71177632,13.46875,0.007154
0,0,0,11.71259566,13.46875,0.007154
0,0,0,11.71341433,13.46875,0.007154
0,0,0,11.71423232,13.46875,0.007154
0,0,0,11.71504965,13.46875,0.007154
0,0,0,11.71586631,13.46875,0.007154
0,0,0,11.7166823,13.46875,0.007154
0,0,0,11.71749763,13.46875,0.007154
0,0,0,11.71831229,13.46875,0.007154
0,0,0,11.7191263,13.46875,0.007154
0,0,0,11.71993963,13.46875,0.007154
0,0,0,11.72075231,13.46875,0.007154
0,0,0,11.72156433,13.46875,0.007154
0,0,0,11.72237569,13.46875,0.007154
0,0,0,11.72318639,13.46875,0.007154
0,0,0,11.72399644,13.46875,0.007154
0,0,0,11.72480582,13.46875,0.007154
0,0,0,11.72561456,13.46875,0.007154
0,0,0,11.72642264,13.46875,0.007154
0,0,0,11.72723007,13.46875,0.007154
0,0,0,11.72803684,13.46875,0.007154
0,0,0,11.72884297,13.46875,0.007154
0,0,0,11.72964845,13.46875,0.007154
0,0,0,11.73045328,13.46875,0.007154
0,0,0,11.73125746,13.46875,0.007154
0,0,0,11.73206099,13.46875,0.007154
0,0,0,11.73286389,13.46875,0.007154
0,0,0,11.73366613,13.46875,0.007154
0,0,0,11.73446773,13.46875,0.007154
0,0,0,11.7352687,13.46875,0.007154
0,0,0,11.73606902,13.46875,0.007154
0,0,0,11.7368687,13.46875,0.007154
0,0,0,11.73766774,13.46875,0.007154
0,0,0,11.73846614,13.46875,0.007154
0,0,0,11.73926391,13.46875,0.007154
0,0,0,11.74006104,13.46875,0.007154
0,0,0,11.74085753,13.46875,0.007154
0,0,0,11.74165339,13.46875,0.007154
0,0,0,11.74244862,13.46875,0.007154
0,0,0,11.74324322,13.46875,0.007154
0,0,0,11.74403719,13.46875,0.007154
0,0,0,11.74483052,13.46875,0.007154
0,0,0,11.74562323,13.46875,0.007154
0,0,0,11.74641531,13.46875,0.007154
0,0,0,11.74720676,13.46875,0.007154
0,0,0,11.74799759,13.46875,0.007154
0,0,0,11.74878779,13.46875,0.007154
0,0,0,11.74957737,13.46875,0.007154
0,0,0,11.75036632,13.46875,0.007154
0,0,0,11.75115465,13.46875,0.007154
0,0,0,11.75194237,13.46875,0.007154
0,0,0,11.75272946,13.46875,0.007154
0,0,0,11.75351593,13.46875,0.007154
0,0,0,11.75430178,13.46875,0.007154
0,0,0,11.75508702,13.46875,0.007154
0,0,0,11.75587164,13.46875,0.007154
0,0,0,11.75665565,13.46875,0.007154
0,0,0,11.75743904,13.46875,0.007154
0,0,0,11.75822182,13.46875,0.007154
0,0,0,11.75900399,13.46875,0.007154
0,0,0,11.75978554,13.46875,0.007154
0,0,0,11.76056649,13.46875,0.007154
0,0,0,11.76134682,13.46875,0.007154
0,0,0,11.76212655,13.46875,0.007154
0,0,0,11.76290567,13.46875,0.007154
0,0,0,11.76368418,13.46875,0.007154
0,0,0,11.76446209,13.46875,0.007154
0,0,0,11.76523939,13.46875,0.007154
0,0,0,11.76601609,13.46875,0.007154
0,0,0,11.76679219,13.46875,0.007154
0,0,0,11.76756768,13.46875,0.007154
0,0,0,11.76834258,13.46875,0.007154
0,0,0,11.76911687,13.46875,0.007154
0,0,0,11.76989056,13.46875,0.007154
0,0,0,11.77066366,13.46875,0.007154
0,0,0,11.77143616,13.46875,0.007154
0,0,0,11.77220806,13.46875,0.007154
0,0,0,11.77297937,13.46875,0.007154
0,0,0,11.77375008,13.46875,0.007154
0,0,0,11.7745202,13.46875,0.007154
0,0,0,11.77528973,13.46875,0.007154
0,0,0,11.77605866,13.46875,0.007154
0,0,0,11.77682701,13.46875,0.007154
0,0,0,11.77759476,13.46875,0.007154
0,0,0,11.77836193,13.46875,0.007154
0,0,0,11.77912851,13.46875,0.007154
0,0,0,11.7798945,13.46875,0.007154
0,0,0,11.7806599,13.46875,0.007154
0,0,0,11.78142472,13.46875,0.007154
0,0,0,11.78218895,13.46875,0.007154
0,0,0,11.7829526,13.46875,0.007154
0,0,0,11.78371567,13.46875,0.007154
0,0,0,11.78447816,13.46875,0.007154
0,0,0,11.78524006,13.46875,0.007154
0,0,0,11.78600139,13.46875,0.007154
0,0,0,11.78676213,13.46875,0.007154
0,0,0,11.7875223,13.46875,0.007154
0,0,0,11.78828189,13.46875,0.007154
0,0,0,11.7890409,13.46875,0.007154
0,0,0,11.78979934,13.46875,0.007154
0,0,0,11.7905572,13.46875,0.007154
0,0,0,11.79131449,13.46875,0.007154
0,0,0,11.79207121,13.46875,0.007154
0,0,0,11.79282735,13.46875,0.007154
0,0,0,11.79358292,13.46875,0.007154
0,0,0,11.79433792,13.46875,0.007154
0,0,0,11.79509236,13.46875,0.007154
0,0,0,11.79584622,13.46875,0.007154
0,0,0,11.79659952,13.46875,0.007154
0,0,0,11.79735224,13.46875,0.007154
0,0,0,11.79810441,13.46875,0.007154
0,0,0,11.798856,13.46875,0.007154
0,0,0,11.79960704,13.46875,0.007154
0,0,0,11.80035751,13.46875,0.007154
0,0,0,11.80110741,13.46875,0.007154
0,0,0,11.80185676,13.46875,0.007154
0,0,0,11.80260554,13.46875,0.007154
0,0,0,11.80335376,13.46875,0.007154
0,0,0,11.80410143,13.46875,0.007154
0,0,0,11.80484853,13.46875,0.007154
0,0,0,11.80559508,13.46875,0.007154
0,0,0,11.80634107,13.46875,0.007154
0,0,0,11.8070865,13.46875,0.007154
0,0,0,11.80783138,13.46875,0.007154
0,0,0,11.80857571,13.46875,0.007154
0,0,0,11.80931948,13.46875,0.007154
0,0,0,11.8100627,13.46875,0.007154
0,0,0,11.81080536,13.46875,0.007154
0,0,0,11.81154748,13.46875,0.007154
0,0,0,11.81228904,13.46875,0.007154
0,0,0,11.81303006,13.46875,0.007154
0,0,0,11.81377052,13.46875,0.007154
0,0,0,11.81451044,13.46875,0.007154
0,0,0,11.81524981,13.46875,0.007154
0,0,0,11.81598864,13.46875,0.007154
0,0,0,11.81672692,13.46875,0.007154
0,0,0,11.81746465,13.46875,0.007154
0,0,0,11.81820185,13.46875,0.007154
0,0,0,11.81893849,13.46875,0.007154
0,0,0,11.8196746,13.46875,0.007154
0,0,0,11.82041016,13.46875,0.007154
0,0,0,11.82114519,13.46875,0.007154
0,0,0,11.82187967,13.46875,0.007154
0,0,0,11.82261362,13.46875,0.007154
0,0,0,11.82334702,13.46875,0.007154
0,0,0,11.82407989,13.46875,0.007154
0,0,0,11.82481223,13.46875,0.007154
0,0,0,11.82554402,13.46875,0.007154
0,0,0,11.82627528,13.46875,0.007154
0,0,0,11.82700601,13.46875,0.007154
0,0,0,11.8277362,13.46875,0.007154
0,0,0,11.82846587,13.46875,0.007154
0,0,0,11.82919499,13.46875,0.007154
0,0,0,11.82992359,13.46875,0.007154
0,0,0,11.83065166,13.46875,0.007154
0,0,0,11.8313792,13.46875,0.007154
0,0,0,11.8321062,13.46875,0.007154
0,0,0,11.83283268,13.46875,0.007154
0,0,0,11.83355864,13.46875,0.007154
0,0,0,11.83428406,13.46875,0.007154
0,0,0,11.83500896,13.46875,0.007154
0,0,0,11.83573334,13.46875,0.007154
0,0,0,11.83645719,13.46875,0.007154
0,0,0,11.83718052,13.46875,0.007154
0,0,0,11.83790332,13.46875,0.007154
0,0,0,11.8386256,13.46875,0.007154
0,0,0,11.83934737,13.46875,0.007154
0,0,0,11.84006861,13.46875,0.007154
0,0,0,11.84078933,13.46875,0.007154
0,0,0,11.84150953,13.46875,0.007154
0,0,0,11.84222921,13.46875,0.007154
0,0,0,11.84294838,13.46875,0.007154
0,0,0,11.84366703,13.46875,0.007154
0,0,0,11.84438516,13.46875,0.007154
0,0,0,11.84510278,13.46875,0.007154
0,0,0,11.84581988,13.46875,0.007154
0,0,0,11.84653647,13.46875,0.007154
0,0,0,11.84725255,13.46875,0.007154
0,0,0,11.84796811,13.46875,0.007154
0,0,0,11.84868316,13.46875,0.007154
0,0,0,11.8493977,13.46875,0.007154
0,0,0,11.85011173,13.46875,0.007154
0,0,0,11.85082525,13.46875,0.007154
0,0,0,11.85153827,13.46875,0.007154
0,0,0,11.85225077,13.46875,0.007154
0,0,0,11.85296277,13.46875,0.007154
0,0,0,11.85367426,13.46875,0.007154
0,0,0,11.85438524,13.46875,0.007154
0,0,0,11.85509572,13.46875,0.007154
0,0,0,11.8558057,13.46875,0.007154
0,0,0,11.85651517,13.46875,0.007154
0,0,0,11.85722414,13.46875,0.007154
0,0,0,11.8579326,13.46875,0.007154
0,0,0,11.85864057,13.46875,0.007154
0,0,0,11.85934803,13.46875,0.007154
0,0,0,11.860055,13.46875,0.007154
0,0,0,11.86076146,13.46875,0.007154
0,0,0,11.86146743,13.46875,0.007154
0,0,0,11.86217289,13.46875,0.007154
0,0,0,11.86287786,13.46875,0.007154
0,0,0,11.86358234,13.46875,0.007154
0,0,0,11.86428631,13.46875,0.007154
0,0,0,11.8649898,13.46875,0.007154
0,0,0,11.86569278,13.46875,0.007154
0,0,0,11.86639528,13.46875,0.007154
0,0,0,11.86709728,13.46875,0.007154
0,0,0,11.86779879,13.46875,0.007154
0,0,0,11.8684998,13.46875,0.007154
0,0,0,11.86920033,13.46875,0.007154
0,0,0,11.86990036,13.46875,0.007154
0,0,0,11.87059991,13.46875,0.007154
0,0,0,11.87129897,13.46875,0.007154
0,0,0,11.87199753,13.46875,0.007154
0,0,0,11.87269561,13.46875,0.007154
0,0,0,11.87339321,13.46875,0.007154
0,0,0,11.87409031,13.46875,0.007154
0,0,0,11.87478694,13.46875,0.007154
0,0,0,11.87548307,13.46875,0.007154
0,0,0,11.87617872,13.46875,0.007154
0,0,0,11.87687389,13.46875,0.007154
0,0,0,11.87756858,13.46875,0.007154
0,0,0,11.87826278,13.46875,0.007154
0,0,0,11.8789565,13.46875,0.007154
0,0,0,11.87964974,13.46875,0.007154
0,0,0,11.88034251,13.46875,0.007154
0,0,0,11.88103479,13.46875,0.007154
0,0,0,11.88172659,13.46875,0.007154
0,0,0,11.88241791,13.46875,0.007154
0,0,0,11.88310876,13.46875,0.007154
0,0,0,11.88379913,13.46875,0.007154
0,0,0,11.88448902,13.46875,0.007154
0,0,0,11.88517844,13.46875,0.007154
0,0,0,11.88586738,13.46875,0.007154
0,0,0,11.88655585,13.46875,0.007154
0,0,0,11.88724384,13.46875,0.007154
0,0,0,11.88793137,13.46875,0.007154
0,0,0,11.88861841,13.46875,0.007154
0,0,0,11.88930499,13.46875,0.007154
0,0,0,11.8899911,13.46875,0.007154
0,0,0,11.89067673,13.46875,0.007154
0,0,0,11.8913619,13.46875,0.007154
0,0,0,11.8920466,13.46875,0.007154
0,0,0,11.89273083,13.46875,0.007154
0,0,0,11.89341459,13.46875,0.007154
0,0,0,11.89409788,13.46875,0.007154
0,0,0,11.89478071,13.46875,0.007154
0,0,0,11.89546307,13.46875,0.007154
0,0,0,11.89614496,13.46875,0.007154
0,0,0,11.8968264,13.46875,0.007154
0,0,0,11.89750736,13.46875,0.007154
0,0,0,11.89818787,13.46875,0.007154
0,0,0,11.89886791,13.46875,0.007154
0,0,0,11.89954749,13.46875,0.007154
0,0,0,11.9002266,13.46875,0.007154
0,0,0,11.90090526,13.46875,0.007154
0,0,0,11.90158345,13.46875,0.007154
0,0,0,11.90226119,13.46875,0.007154
0,0,0,11.90293847,13.46875,0.007154
0,0,0,11.90361529,13.46875,0.007154
0,0,0,11.90429165,13.46875,0.007154
0,0,0,11.90496755,13.46875,0.007154
0,0,0,11.905643,13.46875,0.007154
0,0,0,11.90631799,13.46875,0.007154
0,0,0,11.90699253,13.46875,0.007154
